100,dirres_100
101,dirres_101
102,dirres_102
103,dirres_103
104,dirres_104
105,dirres_105
106,dirres_106
107,dirres_107
108,dirres_108
109,dirres_109
110,dirres_110
111,dirres_111
112,dirres_112
113,dirres_113
114,dirres_114
115,dirres_115
116,dirres_116
117,dirres_117
118,dirres_118
119,dirres_119
120,dirres_120
121,dirres_121
122,dirres_122
123,dirres_123
124,dirres_124
125,dirres_125
126,dirres_126
127,dirres_127
128,dirres_128
129,dirres_129
130,dirres_130
131,dirres_131
132,dirres_132
133,dirres_133
134,dirres_134
135,dirres_135
136,dirres_136
137,dirres_137
138,dirres_138
139,dirres_139
140,dirres_140
141,dirres_141
142,dirres_142
143,dirres_143
144,dirres_144
145,dirres_145
146,dirres_146
147,dirres_147
148,dirres_148
149,dirres_149
150,dirres_150
151,dirres_151
152,dirres_152
153,dirres_153
154,dirres_154
155,dirres_155
156,dirres_156
157,dirres_157
158,dirres_158
159,dirres_159
160,dirres_160
161,dirres_161
162,dirres_162
163,dirres_163
164,dirres_164
165,dirres_165
166,dirres_166
167,dirres_167
168,dirres_168
169,dirres_169
170,dirres_170
171,dirres_171
172,dirres_172
173,dirres_173
174,dirres_174
175,dirres_175
176,dirres_176
177,dirres_177
178,dirres_178
179,dirres_179
180,dirres_180
181,dirres_181
182,dirres_182
183,dirres_183
184,dirres_184
185,dirres_185
186,dirres_186
187,dirres_187
188,dirres_188
189,dirres_189
190,dirres_190
191,dirres_191
192,dirres_192
193,dirres_193
194,dirres_194
195,dirres_195
196,dirres_196
197,dirres_197
198,dirres_198
199,dirres_199
200,dirres_200
201,dirres_201
202,dirres_202
203,dirres_203
204,dirres_204
205,dirres_205
206,dirres_206
207,dirres_207
208,dirres_208
209,dirres_209
210,dirres_210
211,dirres_211
212,dirres_212
213,dirres_213
214,dirres_214
215,dirres_215
216,dirres_216
217,dirres_217
218,dirres_218
219,dirres_219
220,dirres_220
221,dirres_221
222,dirres_222
223,dirres_223
224,dirres_224
225,dirres_225
226,dirres_226
227,dirres_227
228,dirres_228
229,dirres_229
230,dirres_230
231,dirres_231
232,dirres_232
233,dirres_233
234,dirres_234
235,dirres_235
236,dirres_236
237,dirres_237
239,dirres_239
240,dirres_240
241,dirres_241
242,dirres_242
243,dirres_243
244,dirres_244
245,dirres_245
246,dirres_246
247,dirres_247
248,dirres_248
249,dirres_249
25,dirres_25
250,dirres_250
251,dirres_251
252,dirres_252
253,dirres_253
254,dirres_254
255,dirres_255
256,dirres_256
257,dirres_257
258,dirres_258
259,dirres_259
260,dirres_260
261,dirres_261
262,dirres_262
263,dirres_263
264,dirres_264
265,dirres_265
266,dirres_266
267,dirres_267
268,dirres_268
269,dirres_269
270,dirres_270
271,dirres_271
272,dirres_272
273,dirres_273
274,dirres_274
275,dirres_275
276,dirres_276
277,dirres_277
278,dirres_278
279,dirres_279
280,dirres_280
281,dirres_281
282,dirres_282
283,dirres_283
284,dirres_284
285,dirres_285
286,dirres_286
287,dirres_287
288,dirres_288
289,dirres_289
290,dirres_290
291,dirres_291
292,dirres_292
293,dirres_293
294,dirres_294
300,dirres_300
301,dirres_301
302,dirres_302
303,dirres_303
304,dirres_304
305,dirres_305
306,dirres_306
307,dirres_307
308,dirres_308
309,dirres_309
310,dirres_310
311,dirres_311
312,dirres_312
313,dirres_313
314,dirres_314
315,dirres_315
316,dirres_316
317,dirres_317
318,dirres_318
319,dirres_319
320,dirres_320
321,dirres_321
322,dirres_322
323,dirres_323
324,dirres_324
325,dirres_325
326,dirres_326
327,dirres_327
328,dirres_328
329,dirres_329
330,dirres_330
331,dirres_331
332,dirres_332
333,dirres_333
334,dirres_334
335,dirres_335
336,dirres_336
337,dirres_337
338,dirres_338
339,dirres_339
340,dirres_340
341,dirres_341
342,dirres_342
343,dirres_343
344,dirres_344
345,dirres_345
346,dirres_346
347,dirres_347
348,dirres_348
349,dirres_349
350,dirres_350
351,dirres_351
352,dirres_352
353,dirres_353
354,dirres_354
355,dirres_355
356,dirres_356
357,dirres_357
358,dirres_358
359,dirres_359
360,dirres_360
361,dirres_361
362,dirres_362
363,dirres_363
364,dirres_364
365,dirres_365
366,dirres_366
367,dirres_367
368,dirres_368
369,dirres_369
370,dirres_370
371,dirres_371
372,dirres_372
373,dirres_373
374,dirres_374
375,dirres_375
376,dirres_376
377,dirres_377
378,dirres_378
379,dirres_379
40,dirres_40
41,dirres_41
42,dirres_42
43,dirres_43
44,dirres_44
45,dirres_45
46,dirres_46
47,dirres_47
48,dirres_48
49,dirres_49
50,dirres_50
51,dirres_51
52,dirres_52
53,dirres_53
54,dirres_54
55,dirres_55
56,dirres_56
57,dirres_57
58,dirres_58
59,dirres_59
60,dirres_60
61,dirres_61
62,dirres_62
63,dirres_63
64,dirres_64
65,dirres_65
66,dirres_66
67,dirres_67
68,dirres_68
69,dirres_69
70,dirres_70
71,dirres_71
72,dirres_72
73,dirres_73
74,dirres_74
75,dirres_75
76,dirres_76
77,dirres_77
78,dirres_78
79,dirres_79
80,dirres_80
81,dirres_81
82,dirres_82
83,dirres_83
84,dirres_84
85,dirres_85
86,dirres_86
87,dirres_87
88,dirres_88
89,dirres_89
90,dirres_90
91,dirres_91
92,dirres_92
93,dirres_93
94,dirres_94
95,dirres_95
96,dirres_96
97,dirres_97
98,dirres_98
99,dirres_99
